cell_id,recipe_id,model,calibration,weighting,downsampling,cell_name,training_config,pipeline_config
1,R1_sig,LinSVM_cal,logistic_intercept,log,1.0,LinSVM_cal_logistic_intercept_log_ds1,operations/cellml/configs/recipes_smoke/R1_sig/LinSVM_cal_logistic_intercept_log_ds1/training_config.yaml,operations/cellml/configs/recipes_smoke/R1_sig/LinSVM_cal_logistic_intercept_log_ds1/pipeline_hpc.yaml
2,R1_sig,LinSVM_cal,logistic_intercept,log,2.0,LinSVM_cal_logistic_intercept_log_ds2,operations/cellml/configs/recipes_smoke/R1_sig/LinSVM_cal_logistic_intercept_log_ds2/training_config.yaml,operations/cellml/configs/recipes_smoke/R1_sig/LinSVM_cal_logistic_intercept_log_ds2/pipeline_hpc.yaml
3,R1_sig,LinSVM_cal,logistic_intercept,log,5.0,LinSVM_cal_logistic_intercept_log_ds5,operations/cellml/configs/recipes_smoke/R1_sig/LinSVM_cal_logistic_intercept_log_ds5/training_config.yaml,operations/cellml/configs/recipes_smoke/R1_sig/LinSVM_cal_logistic_intercept_log_ds5/pipeline_hpc.yaml
4,R1_sig,LinSVM_cal,logistic_intercept,sqrt,1.0,LinSVM_cal_logistic_intercept_sqrt_ds1,operations/cellml/configs/recipes_smoke/R1_sig/LinSVM_cal_logistic_intercept_sqrt_ds1/training_config.yaml,operations/cellml/configs/recipes_smoke/R1_sig/LinSVM_cal_logistic_intercept_sqrt_ds1/pipeline_hpc.yaml
5,R1_sig,LinSVM_cal,logistic_intercept,sqrt,2.0,LinSVM_cal_logistic_intercept_sqrt_ds2,operations/cellml/configs/recipes_smoke/R1_sig/LinSVM_cal_logistic_intercept_sqrt_ds2/training_config.yaml,operations/cellml/configs/recipes_smoke/R1_sig/LinSVM_cal_logistic_intercept_sqrt_ds2/pipeline_hpc.yaml
6,R1_sig,LinSVM_cal,logistic_intercept,sqrt,5.0,LinSVM_cal_logistic_intercept_sqrt_ds5,operations/cellml/configs/recipes_smoke/R1_sig/LinSVM_cal_logistic_intercept_sqrt_ds5/training_config.yaml,operations/cellml/configs/recipes_smoke/R1_sig/LinSVM_cal_logistic_intercept_sqrt_ds5/pipeline_hpc.yaml
7,R1_sig,LinSVM_cal,logistic_intercept,none,1.0,LinSVM_cal_logistic_intercept_none_ds1,operations/cellml/configs/recipes_smoke/R1_sig/LinSVM_cal_logistic_intercept_none_ds1/training_config.yaml,operations/cellml/configs/recipes_smoke/R1_sig/LinSVM_cal_logistic_intercept_none_ds1/pipeline_hpc.yaml
8,R1_sig,LinSVM_cal,logistic_intercept,none,2.0,LinSVM_cal_logistic_intercept_none_ds2,operations/cellml/configs/recipes_smoke/R1_sig/LinSVM_cal_logistic_intercept_none_ds2/training_config.yaml,operations/cellml/configs/recipes_smoke/R1_sig/LinSVM_cal_logistic_intercept_none_ds2/pipeline_hpc.yaml
9,R1_sig,LinSVM_cal,logistic_intercept,none,5.0,LinSVM_cal_logistic_intercept_none_ds5,operations/cellml/configs/recipes_smoke/R1_sig/LinSVM_cal_logistic_intercept_none_ds5/training_config.yaml,operations/cellml/configs/recipes_smoke/R1_sig/LinSVM_cal_logistic_intercept_none_ds5/pipeline_hpc.yaml
10,R1_sig,LinSVM_cal,beta,log,1.0,LinSVM_cal_beta_log_ds1,operations/cellml/configs/recipes_smoke/R1_sig/LinSVM_cal_beta_log_ds1/training_config.yaml,operations/cellml/configs/recipes_smoke/R1_sig/LinSVM_cal_beta_log_ds1/pipeline_hpc.yaml
11,R1_sig,LinSVM_cal,beta,log,2.0,LinSVM_cal_beta_log_ds2,operations/cellml/configs/recipes_smoke/R1_sig/LinSVM_cal_beta_log_ds2/training_config.yaml,operations/cellml/configs/recipes_smoke/R1_sig/LinSVM_cal_beta_log_ds2/pipeline_hpc.yaml
12,R1_sig,LinSVM_cal,beta,log,5.0,LinSVM_cal_beta_log_ds5,operations/cellml/configs/recipes_smoke/R1_sig/LinSVM_cal_beta_log_ds5/training_config.yaml,operations/cellml/configs/recipes_smoke/R1_sig/LinSVM_cal_beta_log_ds5/pipeline_hpc.yaml
13,R1_sig,LinSVM_cal,beta,sqrt,1.0,LinSVM_cal_beta_sqrt_ds1,operations/cellml/configs/recipes_smoke/R1_sig/LinSVM_cal_beta_sqrt_ds1/training_config.yaml,operations/cellml/configs/recipes_smoke/R1_sig/LinSVM_cal_beta_sqrt_ds1/pipeline_hpc.yaml
14,R1_sig,LinSVM_cal,beta,sqrt,2.0,LinSVM_cal_beta_sqrt_ds2,operations/cellml/configs/recipes_smoke/R1_sig/LinSVM_cal_beta_sqrt_ds2/training_config.yaml,operations/cellml/configs/recipes_smoke/R1_sig/LinSVM_cal_beta_sqrt_ds2/pipeline_hpc.yaml
15,R1_sig,LinSVM_cal,beta,sqrt,5.0,LinSVM_cal_beta_sqrt_ds5,operations/cellml/configs/recipes_smoke/R1_sig/LinSVM_cal_beta_sqrt_ds5/training_config.yaml,operations/cellml/configs/recipes_smoke/R1_sig/LinSVM_cal_beta_sqrt_ds5/pipeline_hpc.yaml
16,R1_sig,LinSVM_cal,beta,none,1.0,LinSVM_cal_beta_none_ds1,operations/cellml/configs/recipes_smoke/R1_sig/LinSVM_cal_beta_none_ds1/training_config.yaml,operations/cellml/configs/recipes_smoke/R1_sig/LinSVM_cal_beta_none_ds1/pipeline_hpc.yaml
17,R1_sig,LinSVM_cal,beta,none,2.0,LinSVM_cal_beta_none_ds2,operations/cellml/configs/recipes_smoke/R1_sig/LinSVM_cal_beta_none_ds2/training_config.yaml,operations/cellml/configs/recipes_smoke/R1_sig/LinSVM_cal_beta_none_ds2/pipeline_hpc.yaml
18,R1_sig,LinSVM_cal,beta,none,5.0,LinSVM_cal_beta_none_ds5,operations/cellml/configs/recipes_smoke/R1_sig/LinSVM_cal_beta_none_ds5/training_config.yaml,operations/cellml/configs/recipes_smoke/R1_sig/LinSVM_cal_beta_none_ds5/pipeline_hpc.yaml
19,R1_sig,LinSVM_cal,isotonic,log,1.0,LinSVM_cal_isotonic_log_ds1,operations/cellml/configs/recipes_smoke/R1_sig/LinSVM_cal_isotonic_log_ds1/training_config.yaml,operations/cellml/configs/recipes_smoke/R1_sig/LinSVM_cal_isotonic_log_ds1/pipeline_hpc.yaml
20,R1_sig,LinSVM_cal,isotonic,log,2.0,LinSVM_cal_isotonic_log_ds2,operations/cellml/configs/recipes_smoke/R1_sig/LinSVM_cal_isotonic_log_ds2/training_config.yaml,operations/cellml/configs/recipes_smoke/R1_sig/LinSVM_cal_isotonic_log_ds2/pipeline_hpc.yaml
21,R1_sig,LinSVM_cal,isotonic,log,5.0,LinSVM_cal_isotonic_log_ds5,operations/cellml/configs/recipes_smoke/R1_sig/LinSVM_cal_isotonic_log_ds5/training_config.yaml,operations/cellml/configs/recipes_smoke/R1_sig/LinSVM_cal_isotonic_log_ds5/pipeline_hpc.yaml
22,R1_sig,LinSVM_cal,isotonic,sqrt,1.0,LinSVM_cal_isotonic_sqrt_ds1,operations/cellml/configs/recipes_smoke/R1_sig/LinSVM_cal_isotonic_sqrt_ds1/training_config.yaml,operations/cellml/configs/recipes_smoke/R1_sig/LinSVM_cal_isotonic_sqrt_ds1/pipeline_hpc.yaml
23,R1_sig,LinSVM_cal,isotonic,sqrt,2.0,LinSVM_cal_isotonic_sqrt_ds2,operations/cellml/configs/recipes_smoke/R1_sig/LinSVM_cal_isotonic_sqrt_ds2/training_config.yaml,operations/cellml/configs/recipes_smoke/R1_sig/LinSVM_cal_isotonic_sqrt_ds2/pipeline_hpc.yaml
24,R1_sig,LinSVM_cal,isotonic,sqrt,5.0,LinSVM_cal_isotonic_sqrt_ds5,operations/cellml/configs/recipes_smoke/R1_sig/LinSVM_cal_isotonic_sqrt_ds5/training_config.yaml,operations/cellml/configs/recipes_smoke/R1_sig/LinSVM_cal_isotonic_sqrt_ds5/pipeline_hpc.yaml
25,R1_sig,LinSVM_cal,isotonic,none,1.0,LinSVM_cal_isotonic_none_ds1,operations/cellml/configs/recipes_smoke/R1_sig/LinSVM_cal_isotonic_none_ds1/training_config.yaml,operations/cellml/configs/recipes_smoke/R1_sig/LinSVM_cal_isotonic_none_ds1/pipeline_hpc.yaml
26,R1_sig,LinSVM_cal,isotonic,none,2.0,LinSVM_cal_isotonic_none_ds2,operations/cellml/configs/recipes_smoke/R1_sig/LinSVM_cal_isotonic_none_ds2/training_config.yaml,operations/cellml/configs/recipes_smoke/R1_sig/LinSVM_cal_isotonic_none_ds2/pipeline_hpc.yaml
27,R1_sig,LinSVM_cal,isotonic,none,5.0,LinSVM_cal_isotonic_none_ds5,operations/cellml/configs/recipes_smoke/R1_sig/LinSVM_cal_isotonic_none_ds5/training_config.yaml,operations/cellml/configs/recipes_smoke/R1_sig/LinSVM_cal_isotonic_none_ds5/pipeline_hpc.yaml
28,R1_sig,LinSVM_L1_cal,logistic_intercept,log,1.0,LinSVM_L1_cal_logistic_intercept_log_ds1,operations/cellml/configs/recipes_smoke/R1_sig/LinSVM_L1_cal_logistic_intercept_log_ds1/training_config.yaml,operations/cellml/configs/recipes_smoke/R1_sig/LinSVM_L1_cal_logistic_intercept_log_ds1/pipeline_hpc.yaml
29,R1_sig,LinSVM_L1_cal,logistic_intercept,log,2.0,LinSVM_L1_cal_logistic_intercept_log_ds2,operations/cellml/configs/recipes_smoke/R1_sig/LinSVM_L1_cal_logistic_intercept_log_ds2/training_config.yaml,operations/cellml/configs/recipes_smoke/R1_sig/LinSVM_L1_cal_logistic_intercept_log_ds2/pipeline_hpc.yaml
30,R1_sig,LinSVM_L1_cal,logistic_intercept,log,5.0,LinSVM_L1_cal_logistic_intercept_log_ds5,operations/cellml/configs/recipes_smoke/R1_sig/LinSVM_L1_cal_logistic_intercept_log_ds5/training_config.yaml,operations/cellml/configs/recipes_smoke/R1_sig/LinSVM_L1_cal_logistic_intercept_log_ds5/pipeline_hpc.yaml
31,R1_sig,LinSVM_L1_cal,logistic_intercept,sqrt,1.0,LinSVM_L1_cal_logistic_intercept_sqrt_ds1,operations/cellml/configs/recipes_smoke/R1_sig/LinSVM_L1_cal_logistic_intercept_sqrt_ds1/training_config.yaml,operations/cellml/configs/recipes_smoke/R1_sig/LinSVM_L1_cal_logistic_intercept_sqrt_ds1/pipeline_hpc.yaml
32,R1_sig,LinSVM_L1_cal,logistic_intercept,sqrt,2.0,LinSVM_L1_cal_logistic_intercept_sqrt_ds2,operations/cellml/configs/recipes_smoke/R1_sig/LinSVM_L1_cal_logistic_intercept_sqrt_ds2/training_config.yaml,operations/cellml/configs/recipes_smoke/R1_sig/LinSVM_L1_cal_logistic_intercept_sqrt_ds2/pipeline_hpc.yaml
33,R1_sig,LinSVM_L1_cal,logistic_intercept,sqrt,5.0,LinSVM_L1_cal_logistic_intercept_sqrt_ds5,operations/cellml/configs/recipes_smoke/R1_sig/LinSVM_L1_cal_logistic_intercept_sqrt_ds5/training_config.yaml,operations/cellml/configs/recipes_smoke/R1_sig/LinSVM_L1_cal_logistic_intercept_sqrt_ds5/pipeline_hpc.yaml
34,R1_sig,LinSVM_L1_cal,logistic_intercept,none,1.0,LinSVM_L1_cal_logistic_intercept_none_ds1,operations/cellml/configs/recipes_smoke/R1_sig/LinSVM_L1_cal_logistic_intercept_none_ds1/training_config.yaml,operations/cellml/configs/recipes_smoke/R1_sig/LinSVM_L1_cal_logistic_intercept_none_ds1/pipeline_hpc.yaml
35,R1_sig,LinSVM_L1_cal,logistic_intercept,none,2.0,LinSVM_L1_cal_logistic_intercept_none_ds2,operations/cellml/configs/recipes_smoke/R1_sig/LinSVM_L1_cal_logistic_intercept_none_ds2/training_config.yaml,operations/cellml/configs/recipes_smoke/R1_sig/LinSVM_L1_cal_logistic_intercept_none_ds2/pipeline_hpc.yaml
36,R1_sig,LinSVM_L1_cal,logistic_intercept,none,5.0,LinSVM_L1_cal_logistic_intercept_none_ds5,operations/cellml/configs/recipes_smoke/R1_sig/LinSVM_L1_cal_logistic_intercept_none_ds5/training_config.yaml,operations/cellml/configs/recipes_smoke/R1_sig/LinSVM_L1_cal_logistic_intercept_none_ds5/pipeline_hpc.yaml
37,R1_sig,LinSVM_L1_cal,beta,log,1.0,LinSVM_L1_cal_beta_log_ds1,operations/cellml/configs/recipes_smoke/R1_sig/LinSVM_L1_cal_beta_log_ds1/training_config.yaml,operations/cellml/configs/recipes_smoke/R1_sig/LinSVM_L1_cal_beta_log_ds1/pipeline_hpc.yaml
38,R1_sig,LinSVM_L1_cal,beta,log,2.0,LinSVM_L1_cal_beta_log_ds2,operations/cellml/configs/recipes_smoke/R1_sig/LinSVM_L1_cal_beta_log_ds2/training_config.yaml,operations/cellml/configs/recipes_smoke/R1_sig/LinSVM_L1_cal_beta_log_ds2/pipeline_hpc.yaml
39,R1_sig,LinSVM_L1_cal,beta,log,5.0,LinSVM_L1_cal_beta_log_ds5,operations/cellml/configs/recipes_smoke/R1_sig/LinSVM_L1_cal_beta_log_ds5/training_config.yaml,operations/cellml/configs/recipes_smoke/R1_sig/LinSVM_L1_cal_beta_log_ds5/pipeline_hpc.yaml
40,R1_sig,LinSVM_L1_cal,beta,sqrt,1.0,LinSVM_L1_cal_beta_sqrt_ds1,operations/cellml/configs/recipes_smoke/R1_sig/LinSVM_L1_cal_beta_sqrt_ds1/training_config.yaml,operations/cellml/configs/recipes_smoke/R1_sig/LinSVM_L1_cal_beta_sqrt_ds1/pipeline_hpc.yaml
41,R1_sig,LinSVM_L1_cal,beta,sqrt,2.0,LinSVM_L1_cal_beta_sqrt_ds2,operations/cellml/configs/recipes_smoke/R1_sig/LinSVM_L1_cal_beta_sqrt_ds2/training_config.yaml,operations/cellml/configs/recipes_smoke/R1_sig/LinSVM_L1_cal_beta_sqrt_ds2/pipeline_hpc.yaml
42,R1_sig,LinSVM_L1_cal,beta,sqrt,5.0,LinSVM_L1_cal_beta_sqrt_ds5,operations/cellml/configs/recipes_smoke/R1_sig/LinSVM_L1_cal_beta_sqrt_ds5/training_config.yaml,operations/cellml/configs/recipes_smoke/R1_sig/LinSVM_L1_cal_beta_sqrt_ds5/pipeline_hpc.yaml
43,R1_sig,LinSVM_L1_cal,beta,none,1.0,LinSVM_L1_cal_beta_none_ds1,operations/cellml/configs/recipes_smoke/R1_sig/LinSVM_L1_cal_beta_none_ds1/training_config.yaml,operations/cellml/configs/recipes_smoke/R1_sig/LinSVM_L1_cal_beta_none_ds1/pipeline_hpc.yaml
44,R1_sig,LinSVM_L1_cal,beta,none,2.0,LinSVM_L1_cal_beta_none_ds2,operations/cellml/configs/recipes_smoke/R1_sig/LinSVM_L1_cal_beta_none_ds2/training_config.yaml,operations/cellml/configs/recipes_smoke/R1_sig/LinSVM_L1_cal_beta_none_ds2/pipeline_hpc.yaml
45,R1_sig,LinSVM_L1_cal,beta,none,5.0,LinSVM_L1_cal_beta_none_ds5,operations/cellml/configs/recipes_smoke/R1_sig/LinSVM_L1_cal_beta_none_ds5/training_config.yaml,operations/cellml/configs/recipes_smoke/R1_sig/LinSVM_L1_cal_beta_none_ds5/pipeline_hpc.yaml
46,R1_sig,LinSVM_L1_cal,isotonic,log,1.0,LinSVM_L1_cal_isotonic_log_ds1,operations/cellml/configs/recipes_smoke/R1_sig/LinSVM_L1_cal_isotonic_log_ds1/training_config.yaml,operations/cellml/configs/recipes_smoke/R1_sig/LinSVM_L1_cal_isotonic_log_ds1/pipeline_hpc.yaml
47,R1_sig,LinSVM_L1_cal,isotonic,log,2.0,LinSVM_L1_cal_isotonic_log_ds2,operations/cellml/configs/recipes_smoke/R1_sig/LinSVM_L1_cal_isotonic_log_ds2/training_config.yaml,operations/cellml/configs/recipes_smoke/R1_sig/LinSVM_L1_cal_isotonic_log_ds2/pipeline_hpc.yaml
48,R1_sig,LinSVM_L1_cal,isotonic,log,5.0,LinSVM_L1_cal_isotonic_log_ds5,operations/cellml/configs/recipes_smoke/R1_sig/LinSVM_L1_cal_isotonic_log_ds5/training_config.yaml,operations/cellml/configs/recipes_smoke/R1_sig/LinSVM_L1_cal_isotonic_log_ds5/pipeline_hpc.yaml
49,R1_sig,LinSVM_L1_cal,isotonic,sqrt,1.0,LinSVM_L1_cal_isotonic_sqrt_ds1,operations/cellml/configs/recipes_smoke/R1_sig/LinSVM_L1_cal_isotonic_sqrt_ds1/training_config.yaml,operations/cellml/configs/recipes_smoke/R1_sig/LinSVM_L1_cal_isotonic_sqrt_ds1/pipeline_hpc.yaml
50,R1_sig,LinSVM_L1_cal,isotonic,sqrt,2.0,LinSVM_L1_cal_isotonic_sqrt_ds2,operations/cellml/configs/recipes_smoke/R1_sig/LinSVM_L1_cal_isotonic_sqrt_ds2/training_config.yaml,operations/cellml/configs/recipes_smoke/R1_sig/LinSVM_L1_cal_isotonic_sqrt_ds2/pipeline_hpc.yaml
51,R1_sig,LinSVM_L1_cal,isotonic,sqrt,5.0,LinSVM_L1_cal_isotonic_sqrt_ds5,operations/cellml/configs/recipes_smoke/R1_sig/LinSVM_L1_cal_isotonic_sqrt_ds5/training_config.yaml,operations/cellml/configs/recipes_smoke/R1_sig/LinSVM_L1_cal_isotonic_sqrt_ds5/pipeline_hpc.yaml
52,R1_sig,LinSVM_L1_cal,isotonic,none,1.0,LinSVM_L1_cal_isotonic_none_ds1,operations/cellml/configs/recipes_smoke/R1_sig/LinSVM_L1_cal_isotonic_none_ds1/training_config.yaml,operations/cellml/configs/recipes_smoke/R1_sig/LinSVM_L1_cal_isotonic_none_ds1/pipeline_hpc.yaml
53,R1_sig,LinSVM_L1_cal,isotonic,none,2.0,LinSVM_L1_cal_isotonic_none_ds2,operations/cellml/configs/recipes_smoke/R1_sig/LinSVM_L1_cal_isotonic_none_ds2/training_config.yaml,operations/cellml/configs/recipes_smoke/R1_sig/LinSVM_L1_cal_isotonic_none_ds2/pipeline_hpc.yaml
54,R1_sig,LinSVM_L1_cal,isotonic,none,5.0,LinSVM_L1_cal_isotonic_none_ds5,operations/cellml/configs/recipes_smoke/R1_sig/LinSVM_L1_cal_isotonic_none_ds5/training_config.yaml,operations/cellml/configs/recipes_smoke/R1_sig/LinSVM_L1_cal_isotonic_none_ds5/pipeline_hpc.yaml
55,MS_rfe_LinSVM_cal,LinSVM_cal,logistic_intercept,log,1.0,LinSVM_cal_logistic_intercept_log_ds1,operations/cellml/configs/recipes_smoke/MS_rfe_LinSVM_cal/LinSVM_cal_logistic_intercept_log_ds1/training_config.yaml,operations/cellml/configs/recipes_smoke/MS_rfe_LinSVM_cal/LinSVM_cal_logistic_intercept_log_ds1/pipeline_hpc.yaml
56,MS_rfe_LinSVM_cal,LinSVM_cal,logistic_intercept,log,2.0,LinSVM_cal_logistic_intercept_log_ds2,operations/cellml/configs/recipes_smoke/MS_rfe_LinSVM_cal/LinSVM_cal_logistic_intercept_log_ds2/training_config.yaml,operations/cellml/configs/recipes_smoke/MS_rfe_LinSVM_cal/LinSVM_cal_logistic_intercept_log_ds2/pipeline_hpc.yaml
57,MS_rfe_LinSVM_cal,LinSVM_cal,logistic_intercept,log,5.0,LinSVM_cal_logistic_intercept_log_ds5,operations/cellml/configs/recipes_smoke/MS_rfe_LinSVM_cal/LinSVM_cal_logistic_intercept_log_ds5/training_config.yaml,operations/cellml/configs/recipes_smoke/MS_rfe_LinSVM_cal/LinSVM_cal_logistic_intercept_log_ds5/pipeline_hpc.yaml
58,MS_rfe_LinSVM_cal,LinSVM_cal,logistic_intercept,sqrt,1.0,LinSVM_cal_logistic_intercept_sqrt_ds1,operations/cellml/configs/recipes_smoke/MS_rfe_LinSVM_cal/LinSVM_cal_logistic_intercept_sqrt_ds1/training_config.yaml,operations/cellml/configs/recipes_smoke/MS_rfe_LinSVM_cal/LinSVM_cal_logistic_intercept_sqrt_ds1/pipeline_hpc.yaml
59,MS_rfe_LinSVM_cal,LinSVM_cal,logistic_intercept,sqrt,2.0,LinSVM_cal_logistic_intercept_sqrt_ds2,operations/cellml/configs/recipes_smoke/MS_rfe_LinSVM_cal/LinSVM_cal_logistic_intercept_sqrt_ds2/training_config.yaml,operations/cellml/configs/recipes_smoke/MS_rfe_LinSVM_cal/LinSVM_cal_logistic_intercept_sqrt_ds2/pipeline_hpc.yaml
60,MS_rfe_LinSVM_cal,LinSVM_cal,logistic_intercept,sqrt,5.0,LinSVM_cal_logistic_intercept_sqrt_ds5,operations/cellml/configs/recipes_smoke/MS_rfe_LinSVM_cal/LinSVM_cal_logistic_intercept_sqrt_ds5/training_config.yaml,operations/cellml/configs/recipes_smoke/MS_rfe_LinSVM_cal/LinSVM_cal_logistic_intercept_sqrt_ds5/pipeline_hpc.yaml
61,MS_rfe_LinSVM_cal,LinSVM_cal,logistic_intercept,none,1.0,LinSVM_cal_logistic_intercept_none_ds1,operations/cellml/configs/recipes_smoke/MS_rfe_LinSVM_cal/LinSVM_cal_logistic_intercept_none_ds1/training_config.yaml,operations/cellml/configs/recipes_smoke/MS_rfe_LinSVM_cal/LinSVM_cal_logistic_intercept_none_ds1/pipeline_hpc.yaml
62,MS_rfe_LinSVM_cal,LinSVM_cal,logistic_intercept,none,2.0,LinSVM_cal_logistic_intercept_none_ds2,operations/cellml/configs/recipes_smoke/MS_rfe_LinSVM_cal/LinSVM_cal_logistic_intercept_none_ds2/training_config.yaml,operations/cellml/configs/recipes_smoke/MS_rfe_LinSVM_cal/LinSVM_cal_logistic_intercept_none_ds2/pipeline_hpc.yaml
63,MS_rfe_LinSVM_cal,LinSVM_cal,logistic_intercept,none,5.0,LinSVM_cal_logistic_intercept_none_ds5,operations/cellml/configs/recipes_smoke/MS_rfe_LinSVM_cal/LinSVM_cal_logistic_intercept_none_ds5/training_config.yaml,operations/cellml/configs/recipes_smoke/MS_rfe_LinSVM_cal/LinSVM_cal_logistic_intercept_none_ds5/pipeline_hpc.yaml
64,MS_rfe_LinSVM_cal,LinSVM_cal,beta,log,1.0,LinSVM_cal_beta_log_ds1,operations/cellml/configs/recipes_smoke/MS_rfe_LinSVM_cal/LinSVM_cal_beta_log_ds1/training_config.yaml,operations/cellml/configs/recipes_smoke/MS_rfe_LinSVM_cal/LinSVM_cal_beta_log_ds1/pipeline_hpc.yaml
65,MS_rfe_LinSVM_cal,LinSVM_cal,beta,log,2.0,LinSVM_cal_beta_log_ds2,operations/cellml/configs/recipes_smoke/MS_rfe_LinSVM_cal/LinSVM_cal_beta_log_ds2/training_config.yaml,operations/cellml/configs/recipes_smoke/MS_rfe_LinSVM_cal/LinSVM_cal_beta_log_ds2/pipeline_hpc.yaml
66,MS_rfe_LinSVM_cal,LinSVM_cal,beta,log,5.0,LinSVM_cal_beta_log_ds5,operations/cellml/configs/recipes_smoke/MS_rfe_LinSVM_cal/LinSVM_cal_beta_log_ds5/training_config.yaml,operations/cellml/configs/recipes_smoke/MS_rfe_LinSVM_cal/LinSVM_cal_beta_log_ds5/pipeline_hpc.yaml
67,MS_rfe_LinSVM_cal,LinSVM_cal,beta,sqrt,1.0,LinSVM_cal_beta_sqrt_ds1,operations/cellml/configs/recipes_smoke/MS_rfe_LinSVM_cal/LinSVM_cal_beta_sqrt_ds1/training_config.yaml,operations/cellml/configs/recipes_smoke/MS_rfe_LinSVM_cal/LinSVM_cal_beta_sqrt_ds1/pipeline_hpc.yaml
68,MS_rfe_LinSVM_cal,LinSVM_cal,beta,sqrt,2.0,LinSVM_cal_beta_sqrt_ds2,operations/cellml/configs/recipes_smoke/MS_rfe_LinSVM_cal/LinSVM_cal_beta_sqrt_ds2/training_config.yaml,operations/cellml/configs/recipes_smoke/MS_rfe_LinSVM_cal/LinSVM_cal_beta_sqrt_ds2/pipeline_hpc.yaml
69,MS_rfe_LinSVM_cal,LinSVM_cal,beta,sqrt,5.0,LinSVM_cal_beta_sqrt_ds5,operations/cellml/configs/recipes_smoke/MS_rfe_LinSVM_cal/LinSVM_cal_beta_sqrt_ds5/training_config.yaml,operations/cellml/configs/recipes_smoke/MS_rfe_LinSVM_cal/LinSVM_cal_beta_sqrt_ds5/pipeline_hpc.yaml
70,MS_rfe_LinSVM_cal,LinSVM_cal,beta,none,1.0,LinSVM_cal_beta_none_ds1,operations/cellml/configs/recipes_smoke/MS_rfe_LinSVM_cal/LinSVM_cal_beta_none_ds1/training_config.yaml,operations/cellml/configs/recipes_smoke/MS_rfe_LinSVM_cal/LinSVM_cal_beta_none_ds1/pipeline_hpc.yaml
71,MS_rfe_LinSVM_cal,LinSVM_cal,beta,none,2.0,LinSVM_cal_beta_none_ds2,operations/cellml/configs/recipes_smoke/MS_rfe_LinSVM_cal/LinSVM_cal_beta_none_ds2/training_config.yaml,operations/cellml/configs/recipes_smoke/MS_rfe_LinSVM_cal/LinSVM_cal_beta_none_ds2/pipeline_hpc.yaml
72,MS_rfe_LinSVM_cal,LinSVM_cal,beta,none,5.0,LinSVM_cal_beta_none_ds5,operations/cellml/configs/recipes_smoke/MS_rfe_LinSVM_cal/LinSVM_cal_beta_none_ds5/training_config.yaml,operations/cellml/configs/recipes_smoke/MS_rfe_LinSVM_cal/LinSVM_cal_beta_none_ds5/pipeline_hpc.yaml
73,MS_rfe_LinSVM_cal,LinSVM_cal,isotonic,log,1.0,LinSVM_cal_isotonic_log_ds1,operations/cellml/configs/recipes_smoke/MS_rfe_LinSVM_cal/LinSVM_cal_isotonic_log_ds1/training_config.yaml,operations/cellml/configs/recipes_smoke/MS_rfe_LinSVM_cal/LinSVM_cal_isotonic_log_ds1/pipeline_hpc.yaml
74,MS_rfe_LinSVM_cal,LinSVM_cal,isotonic,log,2.0,LinSVM_cal_isotonic_log_ds2,operations/cellml/configs/recipes_smoke/MS_rfe_LinSVM_cal/LinSVM_cal_isotonic_log_ds2/training_config.yaml,operations/cellml/configs/recipes_smoke/MS_rfe_LinSVM_cal/LinSVM_cal_isotonic_log_ds2/pipeline_hpc.yaml
75,MS_rfe_LinSVM_cal,LinSVM_cal,isotonic,log,5.0,LinSVM_cal_isotonic_log_ds5,operations/cellml/configs/recipes_smoke/MS_rfe_LinSVM_cal/LinSVM_cal_isotonic_log_ds5/training_config.yaml,operations/cellml/configs/recipes_smoke/MS_rfe_LinSVM_cal/LinSVM_cal_isotonic_log_ds5/pipeline_hpc.yaml
76,MS_rfe_LinSVM_cal,LinSVM_cal,isotonic,sqrt,1.0,LinSVM_cal_isotonic_sqrt_ds1,operations/cellml/configs/recipes_smoke/MS_rfe_LinSVM_cal/LinSVM_cal_isotonic_sqrt_ds1/training_config.yaml,operations/cellml/configs/recipes_smoke/MS_rfe_LinSVM_cal/LinSVM_cal_isotonic_sqrt_ds1/pipeline_hpc.yaml
77,MS_rfe_LinSVM_cal,LinSVM_cal,isotonic,sqrt,2.0,LinSVM_cal_isotonic_sqrt_ds2,operations/cellml/configs/recipes_smoke/MS_rfe_LinSVM_cal/LinSVM_cal_isotonic_sqrt_ds2/training_config.yaml,operations/cellml/configs/recipes_smoke/MS_rfe_LinSVM_cal/LinSVM_cal_isotonic_sqrt_ds2/pipeline_hpc.yaml
78,MS_rfe_LinSVM_cal,LinSVM_cal,isotonic,sqrt,5.0,LinSVM_cal_isotonic_sqrt_ds5,operations/cellml/configs/recipes_smoke/MS_rfe_LinSVM_cal/LinSVM_cal_isotonic_sqrt_ds5/training_config.yaml,operations/cellml/configs/recipes_smoke/MS_rfe_LinSVM_cal/LinSVM_cal_isotonic_sqrt_ds5/pipeline_hpc.yaml
79,MS_rfe_LinSVM_cal,LinSVM_cal,isotonic,none,1.0,LinSVM_cal_isotonic_none_ds1,operations/cellml/configs/recipes_smoke/MS_rfe_LinSVM_cal/LinSVM_cal_isotonic_none_ds1/training_config.yaml,operations/cellml/configs/recipes_smoke/MS_rfe_LinSVM_cal/LinSVM_cal_isotonic_none_ds1/pipeline_hpc.yaml
80,MS_rfe_LinSVM_cal,LinSVM_cal,isotonic,none,2.0,LinSVM_cal_isotonic_none_ds2,operations/cellml/configs/recipes_smoke/MS_rfe_LinSVM_cal/LinSVM_cal_isotonic_none_ds2/training_config.yaml,operations/cellml/configs/recipes_smoke/MS_rfe_LinSVM_cal/LinSVM_cal_isotonic_none_ds2/pipeline_hpc.yaml
81,MS_rfe_LinSVM_cal,LinSVM_cal,isotonic,none,5.0,LinSVM_cal_isotonic_none_ds5,operations/cellml/configs/recipes_smoke/MS_rfe_LinSVM_cal/LinSVM_cal_isotonic_none_ds5/training_config.yaml,operations/cellml/configs/recipes_smoke/MS_rfe_LinSVM_cal/LinSVM_cal_isotonic_none_ds5/pipeline_hpc.yaml
